method,configuration,iteration,eta,beta,f_gap,grad_norm,median_time_s,accuracy,balanced_accuracy,roc_auc,pr_auc,f1,precision,recall,log_loss
GD,baseline,50,0.5113998975770658,,0.016063226932304026,0.025567567762934004,0.062295796000398695,0.8968904835127285,0.6990967766873319,0.9112509832443855,0.6257470415575469,0.5312621359223301,0.7037037037037037,0.4266999376169682,0.2566998996744442
GD,tuned,50,3.3,,0.002042796528175933,0.0037282520118173995,0.04749657999855117,0.8985990090551854,0.7016611311476817,0.9141860051698324,0.6366887548907887,0.5375925204518893,0.7157676348547718,0.430442919525889,0.24100614267024992
GD,baseline,150,0.5113998975770658,,0.00572061086712658,0.008421672097068362,0.16735995999988518,0.8980864513924484,0.698477515649941,0.9133251897224033,0.6318578423673061,0.5323402587220698,0.7162447257383966,0.42358078602620086,0.2456409472235769
GD,tuned,150,3.3,,0.0003389165283630424,0.001269871407299571,0.17566029299996444,0.8991115667179225,0.7045823217367664,0.9158082233345883,0.6405499776647389,0.5424254165052306,0.7157464212678937,0.4366812227074236,0.2383923331386816
GD,baseline,500,0.5113998975770658,,0.0013123334938069664,0.002841991113064979,0.5748098799995205,0.8985990090551854,0.7024484058736499,0.9151169652516695,0.638311658173284,0.5386708122813836,0.7144329896907217,0.43231441048034935,0.2401762686455401
GD,tuned,500,3.3,,2.3444254929338992e-06,9.785631246006008e-05,0.562314681999851,0.8994532718264138,0.7063548321903854,0.9166044513809692,0.6421563054989518,0.5453843182696022,0.716024340770791,0.44042420461634435,0.23724296699601088
GD,baseline,1000,0.5113998975770658,,0.0003488221472414954,0.0012714892989689885,1.1580173679994914,0.8994532718264138,0.7058299823730733,0.9158862098427372,0.6405078396598152,0.5446808510638298,0.7169042769857433,0.4391765439800374,0.23847843036931168
GD,tuned,1000,3.3,,2.7913721889483156e-09,3.366850267430295e-06,1.1313678649985377,0.8992824192721681,0.7057310018722319,0.9166594679912311,0.6423793704308801,0.5442597603401623,0.7154471544715447,0.4391765439800374,0.23715136714250415
GD,baseline,3000,0.5113998975770658,,4.45991428568715e-06,0.00013533091079336062,3.456776088998595,0.8995386981035366,0.7064043224408061,0.9165820372064184,0.642130532054314,0.5455950540958269,0.716751269035533,0.44042420461634435,0.23727945365195147
GD,tuned,3000,3.3,,0.0,4.8840075709606825e-12,3.400436828000238,0.8992824192721681,0.7057310018722319,0.9166611351612393,0.6423871140483126,0.5442597603401623,0.7154471544715447,0.4391765439800374,0.23714813437317997
AGD,baseline,50,0.5113998975770658,0.9375708994847193,0.007494671129297192,0.013631392013927315,0.06797388799895998,0.8974030411754655,0.704117366545665,0.9120016419772167,0.6311364921986325,0.5389635316698657,0.7005988023952096,0.4379288833437305,0.24242526367453357
AGD,tuned,50,2.2,0.88,0.004703858145268275,0.004778407507619613,0.056705574001171044,0.8989407141636767,0.7076324401397978,0.9144088502275594,0.6407689992158809,0.5462217107786728,0.7091633466135459,0.4441671865252651,0.23895473746390586
AGD,baseline,150,0.5113998975770658,0.9375708994847193,1.7426759717109608e-05,0.00047612026392574906,0.1822931159986183,0.8995386981035366,0.7069291722581181,0.916597659206863,0.6421416728813069,0.5462962962962963,0.7158746208291203,0.4416718652526513,0.23717195102618463
AGD,tuned,150,2.2,0.88,4.083728383230678e-09,5.5074955510173615e-06,0.16288947200155235,0.8992824192721681,0.7057310018722319,0.916662987572359,0.6423909389975008,0.5442597603401623,0.7154471544715447,0.4391765439800374,0.23714714053082003
AGD,baseline,500,0.5113998975770658,0.9375708994847193,7.771561172376096e-16,2.8153947752756195e-09,0.5734332419997372,0.8992824192721681,0.7057310018722319,0.9166611351612393,0.6423871140483126,0.5442597603401623,0.7154471544715447,0.4391765439800374,0.23714813557307982
AGD,tuned,500,2.2,0.88,0.0,1.2992529648653613e-16,0.5547395440007676,0.8992824192721681,0.7057310018722319,0.9166611351612393,0.6423871140483126,0.5442597603401623,0.7154471544715447,0.4391765439800374,0.23714813436849316
AGD,baseline,1000,0.5113998975770658,0.9375708994847193,2.7755575615628914e-17,5.491896024382981e-16,1.1477648569998564,0.8992824192721681,0.7057310018722319,0.9166611351612393,0.6423871140483126,0.5442597603401623,0.7154471544715447,0.4391765439800374,0.23714813436849325
AGD,tuned,1000,2.2,0.88,0.0,7.503624180688269e-17,1.130230433998804,0.8992824192721681,0.7057310018722319,0.9166611351612393,0.6423871140483126,0.5442597603401623,0.7154471544715447,0.4391765439800374,0.23714813436849308
AGD,baseline,3000,0.5113998975770658,0.9375708994847193,2.7755575615628914e-17,4.292755892465723e-16,3.4391361949983548,0.8992824192721681,0.7057310018722319,0.9166611351612393,0.6423871140483126,0.5442597603401623,0.7154471544715447,0.4391765439800374,0.23714813436849308
AGD,tuned,3000,2.2,0.88,0.0,7.992037485381745e-17,3.425808206000511,0.8992824192721681,0.7057310018722319,0.9166611351612393,0.6423871140483126,0.5442597603401623,0.7154471544715447,0.4391765439800374,0.2371481343684931
