model,label,dataset,objective,distance_to_reference,accuracy,balanced_accuracy,precision,recall,f1,roc_auc,pr_auc,log_loss
untrained_w0,Chưa tối ưu (w0=0),train,0.6931471805599453,4.215597465145283,0.1369215434999288,0.5,0.1369215434999288,1.0,0.24086366255040953,0.5,0.1369215434999288,0.6931471805599453
untrained_w0,Chưa tối ưu (w0=0),test,0.6931471805599453,4.215597465145283,0.1369383222279173,0.5,0.1369383222279173,1.0,0.24088962356300248,0.5,0.1369383222279173,0.6931471805599453
gd_fixed,GD bước cố định,train,0.23959776292171164,5.107214739678088e-06,0.8996155489107219,0.7092820642908425,0.7126284388465363,0.44717138103161397,0.549520766773163,0.918606258462005,0.6431278196679021,0.23648570409762218
gd_fixed,GD bước cố định,test,0.23959776292171164,5.107214739678088e-06,0.8997095506577824,0.7070281527589595,0.7173252279635258,0.4416718652526513,0.5467181467181467,0.9168306307787124,0.6415874791130048,0.23700611845749872
gd_backtracking,GD backtracking,train,0.23959776292170024,3.7912084125063146e-06,0.8996155489107219,0.7092820642908425,0.7126284388465363,0.44717138103161397,0.549520766773163,0.918606258462005,0.6431278196679021,0.23648570226454635
gd_backtracking,GD backtracking,test,0.23959776292170024,3.7912084125063146e-06,0.8997095506577824,0.7070281527589595,0.7173252279635258,0.4416718652526513,0.5467181467181467,0.9168306307787124,0.6415874791130048,0.23700611596688548
agd_constant,AGD momentum cố định,train,0.23959776292169993,3.0165454278032722e-06,0.8996155489107219,0.7092820642908425,0.7126284388465363,0.44717138103161397,0.549520766773163,0.9186062653246668,0.643127830991301,0.236485698336207
agd_constant,AGD momentum cố định,test,0.23959776292169993,3.0165454278032722e-06,0.8997095506577824,0.7070281527589595,0.7173252279635258,0.4416718652526513,0.5467181467181467,0.9168306925257497,0.6415875293403962,0.23700610786206558
agd_dynamic,AGD momentum (k-2)/(k+1),train,0.23959776292169466,2.4993310136606744e-06,0.8996155489107219,0.7092820642908425,0.7126284388465363,0.44717138103161397,0.549520766773163,0.918606258462005,0.6431278864809702,0.23648569630891345
agd_dynamic,AGD momentum (k-2)/(k+1),test,0.23959776292169466,2.4993310136606744e-06,0.8997095506577824,0.7070281527589595,0.7173252279635258,0.4416718652526513,0.5467181467181467,0.9168306925257497,0.6415875293403962,0.23700610982953457
sklearn_reference,LogisticRegression (scikit-learn),train,0.23959776292173732,5.8853978706738415e-06,0.8996155489107219,0.7092820642908425,0.7126284388465363,0.44717138103161397,0.549520766773163,0.9186062859126519,0.6431279232266571,0.2364857033157003
sklearn_reference,LogisticRegression (scikit-learn),test,0.23959776292173732,5.8853978706738415e-06,0.8997095506577824,0.7070281527589595,0.7173252279635258,0.4416718652526513,0.5467181467181467,0.9168306307787124,0.6415874791130048,0.2370061163349786
