method,stage,step,t0,rho,c,beta,finite,converged_within_500,first_converged_at,final_objective,final_f_gap,final_grad_norm,gradient_evals,objective_evals,elapsed_s,mean_step,min_step,max_step
gd_fixed,coarse,0.05,,,,,True,False,,0.25656345680574505,0.01696569388405894,0.027007472462551353,501,501,0.8182043240003622,,,
gd_fixed,coarse,0.1,,,,,True,False,,0.24825911269292006,0.00866134977123395,0.012437816819770782,501,501,0.8521730299999035,,,
gd_fixed,coarse,0.2,,,,,True,False,,0.24412302172601733,0.004525258804331217,0.006814532652015471,501,501,0.7709851270001309,,,
gd_fixed,coarse,0.3,,,,,True,False,,0.24247258685566017,0.0028748239339740633,0.00482201926184485,501,501,0.7217729300000428,,,
gd_fixed,coarse,0.4,,,,,True,False,,0.24157768744270744,0.001979924521021331,0.0036882190899530753,501,501,0.7241774710000755,,,
gd_fixed,coarse,0.5,,,,,True,False,,0.24103061025696582,0.0014328473352797078,0.002949118829727408,501,501,0.7512949239999216,,,
gd_fixed,coarse,0.6,,,,,True,False,,0.24066989975623912,0.0010721368345530113,0.0024328148000777178,501,501,0.7561167860003479,,,
gd_fixed,coarse,0.8,,,,,True,False,,0.24023660242982553,0.0006388395081394216,0.0017641240937615959,501,501,0.7446841179998955,,,
gd_fixed,coarse,1.0,,,,,True,False,,0.23999648709347837,0.00039872417179226405,0.0013475749341277498,501,501,0.7507487980001315,,,
gd_fixed,coarse,1.2,,,,,True,False,,0.23985234953095183,0.0002545866092657223,0.0010576874244561673,501,501,0.753470118000223,,,
gd_fixed,coarse,1.5,,,,,True,False,,0.239730332952947,0.0001325700312608813,0.0007519885704536024,501,501,0.7301296359992193,,,
gd_fixed,coarse,1.8,,,,,True,False,,0.23966766012705756,6.989720537145527e-05,0.0005401472950163153,501,501,0.7553281580003386,,,
gd_fixed,coarse,2.0,,,,,True,False,,0.2396435357430849,4.5772821398781804e-05,0.00043436243956647663,501,501,0.7809306180006388,,,
gd_fixed,coarse,2.2,,,,,True,False,,0.23962777760263515,3.0014680949042027e-05,0.0003498159492612407,501,501,0.7933025419997648,,,
gd_fixed,coarse,2.4,,,,,True,False,,0.23961745031005244,1.968738836632955e-05,0.0002820290311315203,501,501,0.723904364000191,,,
gd_fixed,coarse,2.6,,,,,True,False,,0.23961066522667984,1.2902304993733793e-05,0.0002274801309630037,501,501,0.7344524829995862,,,
gd_fixed,coarse,2.8,,,,,True,False,,0.23960620141088051,8.438489194406706e-06,0.00018343224543740616,501,501,0.7195343829998819,,,
gd_fixed,coarse,3.0,,,,,True,False,,0.23960326515200595,5.502230319837098e-06,0.00014777637012613906,501,501,0.7064100110001164,,,
gd_fixed,coarse,3.2,,,,,True,False,,0.23960133680279883,3.573881112717281e-06,0.00011887847339106545,501,501,0.7476320139994641,,,
gd_fixed,coarse,3.4,,,,,True,False,,0.24483471887105468,0.005236955949368571,0.07692996474668516,501,501,0.7921386419993723,,,
gd_fixed,coarse,3.6,,,,,True,False,,0.2551963633265079,0.015598600404821805,0.13208054349075565,501,501,0.7569281460000639,,,
gd_fixed,coarse,4.0,,,,,True,False,,0.27598039426084425,0.036382631339158145,0.18935952887032553,501,501,0.7162880659998336,,,
gd_fixed,coarse,5.0,,,,,True,False,,0.32516585896969974,0.08556809604801363,0.253820470382374,501,501,0.7571701779997966,,,
gd_fixed,coarse,8.0,,,,,True,False,,0.4532906681213295,0.2136929051996434,0.2685539272621991,501,501,0.8439100120003786,,,
gd_fixed,coarse,10.0,,,,,True,False,,0.5837271293407453,0.3441293664190592,0.29703948926719737,501,501,0.7614965559996563,,,
gd_fixed,fine,3.05,,,,,True,False,,0.23960270440868595,4.941486999837652e-06,0.00013997367461402713,501,501,0.7409625390000656,,,
gd_fixed,fine,3.1,,,,,True,False,,0.2396021996927801,4.436771093990766e-06,0.00013256993262485928,501,501,0.7003689359999044,,,
gd_fixed,fine,3.15,,,,,True,False,,0.23960174548359178,3.982561905674364e-06,0.00012554464745954258,501,501,0.777110551000078,,,
gd_fixed,fine,3.25,,,,,True,False,,0.23960096916016965,3.206238483544066e-06,0.00011255313326044729,501,501,0.7511790179996751,,,
gd_fixed,fine,3.3,,,,,True,False,,0.23960063850789187,2.8755862057638915e-06,0.00010656762351720381,501,501,0.7114343560006091,,,
gd_fixed,fine,3.35,,,,,True,False,,0.24195506630169797,0.0023573033800118603,0.052390806883894,501,501,0.7627432120007143,,,
gd_backtracking,coarse,,20.0,0.05,0.0001,,True,False,,0.23959833813860498,5.752169188744105e-07,7.580082623335807e-05,501,920,1.1580797639999219,4.078,1.0,20.0
gd_backtracking,coarse,,20.0,0.05,0.001,,True,False,,0.23959833813860498,5.752169188744105e-07,7.580082623335807e-05,501,920,1.1692570989998785,4.078,1.0,20.0
gd_backtracking,coarse,,20.0,0.05,0.01,,True,False,,0.2395983381388584,5.752171722828159e-07,7.580025154832159e-05,501,920,1.1443877230003636,4.078,1.0,20.0
gd_backtracking,coarse,,20.0,0.05,0.05,,True,False,,0.2395983382571133,5.753354271886835e-07,7.616910068457282e-05,501,920,1.1801638229999298,4.078,1.0,20.0
gd_backtracking,coarse,,20.0,0.05,0.1,,True,False,,0.2395983382551847,5.753334985925118e-07,7.61445698925899e-05,501,920,1.2847972130002745,4.078,1.0,20.0
gd_backtracking,coarse,,20.0,0.05,0.25,,True,False,,0.23959837855065458,6.156289684700056e-07,6.024253802011249e-05,501,920,1.103661438999552,4.078,1.0,20.0
gd_backtracking,coarse,,20.0,0.05,0.5,,True,False,,0.23959840083208875,6.379104026399407e-07,6.82069750832711e-05,501,920,1.078897030999542,4.078,1.0,20.0
gd_backtracking,coarse,,20.0,0.1,0.0001,,True,False,,0.2395977634749776,5.532914959527346e-10,2.1650414359895226e-06,501,845,1.077974238999559,7.616,2.0,20.0
gd_backtracking,coarse,,20.0,0.1,0.001,,True,False,,0.2395977634749776,5.532914959527346e-10,2.1650414359895226e-06,501,845,1.229281350999372,7.616,2.0,20.0
gd_backtracking,coarse,,20.0,0.1,0.01,,True,False,,0.2395977635642493,6.425631970952139e-10,2.0782647260632317e-06,501,848,1.2293367170004785,7.5404,0.2,20.0
gd_backtracking,coarse,,20.0,0.1,0.05,,True,False,,0.23959776361684404,6.951579312186595e-10,2.0590333620807364e-06,501,850,1.0577849840001363,7.5008,0.2,20.0
gd_backtracking,coarse,,20.0,0.1,0.1,,True,False,,0.2395977636169557,6.952695918993612e-10,2.068323701610693e-06,501,850,1.0012483310001699,7.5008,0.2,20.0
gd_backtracking,coarse,,20.0,0.1,0.25,,True,False,,0.23959776371133434,7.896482356883894e-10,3.4208780110084577e-06,501,855,1.0243260289998943,7.450399999999999,0.2,20.0
gd_backtracking,coarse,,20.0,0.1,0.5,,True,False,,0.23959776383323966,9.115535548609444e-10,2.1492683449063992e-06,501,861,1.0678152299997237,7.364,0.2,20.0
gd_backtracking,coarse,,20.0,0.2,0.0001,,True,False,,0.23960589606544538,8.133143759275763e-06,0.000289637409758828,501,1181,1.1975884120001865,2.848,0.8,4.0
gd_backtracking,coarse,,20.0,0.2,0.001,,True,False,,0.23960589559757486,8.132675888755658e-06,0.00028868220077079155,501,1181,1.2635385260000476,2.848,0.8,4.0
gd_backtracking,coarse,,20.0,0.2,0.01,,True,False,,0.23960593033374872,8.167412062609625e-06,0.00040283717171747587,501,1180,1.170110564999959,2.8544,0.8,4.0
gd_backtracking,coarse,,20.0,0.2,0.05,,True,False,,0.23960592823193505,8.16531024894207e-06,0.00039981512368651717,501,1180,1.1956401920006101,2.8544,0.8,4.0
gd_backtracking,coarse,,20.0,0.2,0.1,,True,False,,0.2396059203074284,8.157385742280088e-06,0.0003875686247533818,501,1180,1.198145179999301,2.8544,0.8,4.0
gd_backtracking,coarse,,20.0,0.2,0.25,,True,False,,0.2396058955883271,8.132666640986441e-06,0.00034359531729957434,501,1180,1.1882461249997505,2.8544,0.8,4.0
gd_backtracking,coarse,,20.0,0.2,0.5,,True,False,,0.23960586827449942,8.105352813314592e-06,0.0002756004695878533,501,1180,1.175662093000028,2.8544,0.8,4.0
gd_backtracking,coarse,,20.0,0.35,0.0001,,True,False,,0.23959839867112612,6.357494400088815e-07,9.985449039822704e-05,501,1317,1.2461814049993336,4.130315,0.8574999999999998,7.0
gd_backtracking,coarse,,20.0,0.35,0.001,,True,False,,0.23959839867112612,6.357494400088815e-07,9.985449039822704e-05,501,1317,1.2636580010002945,4.130315,0.8574999999999998,7.0
gd_backtracking,coarse,,20.0,0.35,0.01,,True,False,,0.239598398673399,6.35751712885213e-07,9.986871609059317e-05,501,1317,1.2933069649998288,4.130315,0.8574999999999998,7.0
gd_backtracking,coarse,,20.0,0.35,0.05,,True,False,,0.23959840497535959,6.420536734774718e-07,9.301791477066157e-05,501,1318,1.3356473600006211,4.127130000000001,0.8574999999999998,7.0
gd_backtracking,coarse,,20.0,0.35,0.1,,True,False,,0.23959838767446956,6.2475278345131e-07,5.66752373209701e-05,501,1317,1.2635053220001282,4.136229999999999,0.8574999999999998,7.0
gd_backtracking,coarse,,20.0,0.35,0.25,,True,False,,0.23959791442329698,1.515016108677436e-07,2.7026095940649754e-05,501,1306,1.2830099220000193,4.833745,0.8574999999999998,20.0
gd_backtracking,coarse,,20.0,0.35,0.5,,True,False,,0.23959793277153849,1.6984985237722405e-07,2.9721178085809515e-05,501,1423,1.349485882999943,4.766990000000001,0.8574999999999998,20.0
gd_backtracking,coarse,,20.0,0.5,0.0001,,True,False,,0.23959931902834591,1.5561066598057671e-06,0.00017980311831372527,501,1765,1.7365481349997935,3.6825,1.25,5.0
gd_backtracking,coarse,,20.0,0.5,0.001,,True,False,,0.23959931902834591,1.5561066598057671e-06,0.00017980311831372527,501,1765,1.5879208489996017,3.6825,1.25,5.0
gd_backtracking,coarse,,20.0,0.5,0.01,,True,False,,0.23959931880601268,1.5558843265706113e-06,0.00017905719624517738,501,1765,1.646205679000559,3.6825,1.25,5.0
gd_backtracking,coarse,,20.0,0.5,0.05,,True,False,,0.2395992897489345,1.5268272483826006e-06,0.00010703384227889228,501,1765,1.6539540900002976,3.69,1.25,10.0
gd_backtracking,coarse,,20.0,0.5,0.1,,True,False,,0.23959898514594102,1.2222242549153606e-06,0.0001466774035395423,501,1759,1.6087188280007467,3.805,1.25,10.0
gd_backtracking,coarse,,20.0,0.5,0.25,,True,False,,0.23959877211678526,1.0091950991553134e-06,0.00010899439786580638,501,1755,1.6370089290003307,3.8925,1.25,20.0
gd_backtracking,coarse,,20.0,0.5,0.5,,True,False,,0.23959871483126347,9.519095773569131e-07,7.051815638778708e-05,501,1773,1.7258671500003402,3.92125,0.625,20.0
gd_backtracking,coarse,,20.0,0.7,0.0001,,True,False,,0.2396011066252462,3.3437035600880627e-06,0.0004327260889156197,501,3027,2.6883871370000634,3.3089621599999988,2.352979999999999,3.361399999999999
gd_backtracking,coarse,,20.0,0.7,0.001,,True,False,,0.23960112275460452,3.3598329184092446e-06,0.00045488450925428286,501,3027,2.6666908439992767,3.3089621599999988,2.352979999999999,3.361399999999999
gd_backtracking,coarse,,20.0,0.7,0.01,,True,False,,0.23960120754311734,3.444621431231143e-06,0.0005568287158021839,501,3027,2.50221999400037,3.3089621599999988,2.352979999999999,3.361399999999999
gd_backtracking,coarse,,20.0,0.7,0.05,,True,False,,0.23960106829023595,3.3053685498385388e-06,0.0003474722005541297,501,3028,2.622046641000452,3.3069453199999987,2.352979999999999,3.361399999999999
gd_backtracking,coarse,,20.0,0.7,0.1,,True,False,,0.23960065200025607,2.8890785699620114e-06,0.00030789226859450985,501,3017,2.5010447959994053,3.3828073159999987,1.6470859999999994,4.801999999999999
gd_backtracking,coarse,,20.0,0.7,0.25,,True,False,,0.23959935398490556,1.591063219452682e-06,0.00011049908980594583,501,2969,2.4923502080000617,3.671630740399999,1.1529601999999994,6.8599999999999985
gd_backtracking,coarse,,20.0,0.7,0.5,,True,False,,0.23959776310892628,1.8724016781490604e-10,8.558901641938342e-07,501,2372,2.0023237069999595,8.1722992136,1.1529601999999994,20.0
gd_backtracking,coarse,,20.0,0.9,0.0001,,True,False,,0.23960147617613128,3.7132544451756733e-06,0.0011072971990363097,501,8996,6.69196797099994,3.3455769826081276,2.701703435345984,5.64859072962
gd_backtracking,coarse,,20.0,0.9,0.001,,True,False,,0.23960137560017983,3.612678493719601e-06,0.0010473724962507974,501,8998,7.144377714999791,3.3440945664570463,2.701703435345984,5.64859072962
gd_backtracking,coarse,,20.0,0.9,0.01,,True,False,,0.2396008645087157,3.1015870295969528e-06,0.000646042326787637,501,9011,7.753838929000267,3.3336370254154017,2.701703435345984,5.64859072962
gd_backtracking,coarse,,20.0,0.9,0.05,,True,False,,0.23960110813560956,3.3452139234502187e-06,0.0004720355671030321,501,9051,7.276952244999848,3.3026912495720753,2.4315330918113855,3.706040377703682
gd_backtracking,coarse,,20.0,0.9,0.1,,True,False,,0.23960122086345667,3.457941770562689e-06,0.00029959447373756803,501,9081,6.789508464999926,3.28370098724315,1.9695418043672224,3.3354363399333136
gd_backtracking,coarse,,20.0,0.9,0.25,,True,False,,0.23960128618788654,3.523266200428088e-06,0.00022615541279543717,501,9102,6.901833531999728,3.276635949892657,1.5953288615374501,3.706040377703682
gd_backtracking,coarse,,20.0,0.9,0.5,,True,False,,0.23959776463437013,1.7126840223813389e-09,6.012318965607214e-06,501,7398,5.720186280999769,7.085084425808349,1.1629947400608012,20.0
gd_backtracking,fine,,20.0,0.5,0.35266617308486997,,True,False,,0.23959884465218872,1.081730502616729e-06,7.179510991949999e-05,501,1760,1.6494754349996583,3.86,1.25,10.0
gd_backtracking,fine,,20.0,0.5,0.49749371855331,,True,False,,0.23959875413637854,9.912146924362375e-07,7.397145171080746e-05,501,1772,1.7120304239997495,3.90125,0.625,20.0
gd_backtracking,fine,,20.0,0.5,0.7017968234238289,,True,False,,0.2395979955102165,2.3258853037999572e-07,3.082820735804733e-05,501,1879,1.8249456719995578,4.6125,0.625,20.0
gd_backtracking,fine,,20.0,0.5,0.99,,True,False,,0.23973830091010742,0.00014053798842131315,0.0007760492120993518,501,3134,2.822095212000022,1.47171875,0.01953125,5.0
gd_backtracking,fine,,20.0,0.6,0.25,,True,False,,0.23959892640719707,1.1634855109632358e-06,8.325262943175922e-05,501,2213,1.9666230820002966,3.8229606399999994,0.9331199999999997,20.0
gd_backtracking,fine,,20.0,0.6,0.35266617308486997,,True,False,,0.23959832582371257,5.629020264630302e-07,7.321138249032545e-05,501,2186,1.9486986970005091,4.181591039999998,0.9331199999999997,20.0
gd_backtracking,fine,,20.0,0.6,0.49749371855331,,True,False,,0.23959786118531748,9.82636313706653e-08,2.23833655002838e-05,501,2124,2.019656165000015,5.045201919999998,0.9331199999999997,20.0
gd_backtracking,fine,,20.0,0.6,0.7017968234238289,,True,False,,0.2395977638527609,9.310748005919578e-10,1.9109458682925005e-06,501,1960,1.899035849000029,7.368551424,0.5598719999999998,20.0
gd_backtracking,fine,,20.0,0.6,0.99,,True,False,,0.23967684950300694,7.90865813208308e-05,0.0005759854952581651,501,3851,3.4629099509993466,1.7419570598117373,0.015672832819199994,7.199999999999999
gd_backtracking,fine,,20.0,0.7,0.35266617308486997,,True,False,,0.23959873468928627,9.717676001663733e-07,7.563210494385338e-05,501,2929,2.6401111670002138,3.9148666963999994,1.1529601999999994,20.0
gd_backtracking,fine,,20.0,0.7,0.49749371855331,,True,False,,0.23959776307341593,1.517298231501485e-10,1.033021677530848e-06,501,2356,2.205924447000143,8.2786158656,1.1529601999999994,20.0
gd_backtracking,fine,,20.0,0.7,0.7017968234238289,,True,False,,0.2395977642426848,1.3209986993167888e-09,2.4702227864700367e-06,501,2558,2.5450452839995705,7.200926152196,0.5649504979999996,20.0
gd_backtracking,fine,,20.0,0.7,0.99,,True,False,,0.2396479986374909,5.023571580478614e-05,0.00045679805621172826,501,5019,4.440700205999747,1.959072487855858,0.015958453259522384,6.8599999999999985
gd_backtracking,fine,,20.0,0.8,0.25,,True,False,,0.239600672310294,2.90938860789125e-06,0.00020716049436880852,501,4530,3.761773903000176,3.3725130106470425,1.3743895347200008,4.194304000000002
gd_backtracking,fine,,20.0,0.8,0.35266617308486997,,True,False,,0.23960065623745588,2.893315769775251e-06,0.00014056804325468189,501,4534,3.7386024590005036,3.372691520225282,1.3743895347200008,5.242880000000002
gd_backtracking,fine,,20.0,0.8,0.49749371855331,,True,False,,0.23959777176124966,8.839563553353358e-09,6.358715108460885e-06,501,3937,3.4391393590003645,6.253119730745346,1.0995116277760006,20.0
gd_backtracking,fine,,20.0,0.8,0.7017968234238289,,True,False,,0.23959776387853504,9.568489334199626e-10,2.1081986776837938e-06,501,3915,3.3400553990004482,7.355758312697628,0.5629499534213125,20.0
gd_backtracking,fine,,20.0,0.8,0.99,,True,False,,0.23963030301591456,3.254009422845594e-05,0.0003654769222533273,501,7386,6.030084445999819,2.1689028916197346,0.019807040628566117,8.192000000000002
gd_backtracking,fine,,20.0,0.9,0.35266617308486997,,True,False,,0.2396012506988569,3.4877771707964023e-06,0.00017504633657304669,501,9109,6.894212778999645,3.280181286124241,1.2922163778453346,3.706040377703682
gd_backtracking,fine,,20.0,0.9,0.49749371855331,,True,False,,0.23959776487782955,1.9561434416726087e-09,6.207009138651159e-06,501,7408,5.854624200999751,7.019559147138005,1.1629947400608012,20.0
gd_backtracking,fine,,20.0,0.9,0.7017968234238289,,True,False,,0.23959778858188466,2.566019854932655e-08,1.2859758467874703e-05,501,8464,6.354378994000399,5.7137772619026705,0.6180630876526523,20.0
gd_backtracking,fine,,20.0,0.9,0.99,,False,False,,0.6931471805599453,0.4535494176382592,0.5290946638372365,1,61,0.0008786870002950309,,,
agd_constant,coarse,0.05,,,,0.9386778938032524,True,False,,0.2401384680572384,0.000540705135552294,0.0015815656556918956,502,501,0.7367259480006396,0.05,0.05,0.05
agd_constant,coarse,0.1,,,,0.9386778938032524,True,False,,0.23966923615772057,7.147323603445832e-05,0.0005550859982781064,502,501,0.702442668999538,0.1,0.1,0.1
agd_constant,coarse,0.2,,,,0.9386778938032524,True,False,,0.2395989141269046,1.1512052184858845e-06,6.726724342869423e-05,502,501,0.6922299759999078,0.2,0.2,0.2
agd_constant,coarse,0.3,,,,0.9386778938032524,True,False,,0.23959777217814449,9.256458377571164e-09,6.029181183127441e-06,502,501,0.7237649919998148,0.29999999999999993,0.3,0.3
agd_constant,coarse,0.4,,,,0.9386778938032524,True,False,,0.23959776293659205,1.49059375953442e-11,2.415349452883079e-07,502,501,0.7186522309993961,0.4,0.4,0.4
agd_constant,coarse,0.5,,,,0.9386778938032524,True,True,474,0.23959776292168683,7.216449660063518e-16,2.489840322308912e-09,503,501,0.7124651199992513,0.5,0.5,0.5
agd_constant,coarse,0.6,,,,0.9386778938032524,True,True,465,0.2395977629216866,4.996003610813204e-16,1.7112834820528537e-09,503,501,0.7308998260004955,0.5999999999999999,0.6,0.6
agd_constant,coarse,0.8,,,,0.9386778938032524,True,True,452,0.23959776292168658,4.718447854656915e-16,1.6506010405380408e-09,503,501,0.716471967999496,0.8,0.8,0.8
agd_constant,coarse,1.0,,,,0.9386778938032524,True,True,443,0.23959776292168655,4.440892098500626e-16,1.618324402486727e-09,503,501,0.7167066100000739,1.0,1.0,1.0
agd_constant,coarse,1.2,,,,0.9386778938032524,True,True,438,0.23959776292168652,4.163336342344337e-16,1.5293645685249466e-09,503,501,0.736925178999627,1.1999999999999997,1.2,1.2
agd_constant,coarse,1.4,,,,0.9386778938032524,True,True,434,0.23959776292168636,2.498001805406602e-16,1.0680422219120548e-09,503,501,0.7576597499992204,1.4,1.4,1.4
agd_constant,coarse,1.6,,,,0.9386778938032524,True,True,434,0.2395977629216862,8.326672684688674e-17,5.54322534432302e-10,503,501,0.7561183889993117,1.6,1.6,1.6
agd_constant,coarse,1.8,,,,0.9386778938032524,True,True,441,0.23959776292168652,4.163336342344337e-16,1.3410324232751283e-09,503,501,0.7200258439997924,1.8000000000000005,1.8,1.8
agd_constant,coarse,2.0,,,,0.9386778938032524,True,True,428,0.23959776292168627,1.6653345369377348e-16,8.426487365858088e-10,503,501,0.7387824649995309,2.0,2.0,2.0
agd_constant,coarse,2.2,,,,0.9386778938032524,True,True,441,0.23959776292168639,2.7755575615628914e-16,9.360117856867462e-10,503,501,0.7352380390002509,2.1999999999999997,2.2,2.2
agd_constant,coarse,2.4,,,,0.9386778938032524,True,False,,0.24138532759877365,0.0017875646770875442,0.040820820873187634,502,501,0.7278973499996937,2.3999999999999995,2.4,2.4
agd_constant,coarse,2.6,,,,0.9386778938032524,True,False,,0.24404449594339658,0.004446733021710475,0.05612423812436863,502,501,0.7316787159998057,2.6000000000000005,2.6,2.6
agd_constant,coarse,2.8,,,,0.9386778938032524,True,False,,0.24727928448488623,0.007681521563200122,0.06546503104732827,502,501,0.7656618029996025,2.8,2.8,2.8
agd_constant,coarse,3.0,,,,0.9386778938032524,True,False,,0.25706300515591424,0.01746524223422813,0.10077058044837957,502,501,0.7740071739999621,3.0,3.0,3.0
agd_constant,coarse,3.5,,,,0.9386778938032524,True,False,,0.26448263819195283,0.024884875270266726,0.1190421312367439,502,501,0.7466778369998792,3.5,3.5,3.5
agd_constant,coarse,4.0,,,,0.9386778938032524,True,False,,0.3185866528459563,0.07898888992427017,0.1599957039676038,502,501,0.7977684870002122,4.0,4.0,4.0
agd_constant,fine,1.85,,,,0.9386778938032524,True,True,439,0.23959776292168633,2.220446049250313e-16,9.701827940131016e-10,503,501,0.753701091000039,1.8500000000000005,1.85,1.85
agd_constant,fine,1.9000000000000001,,,,0.9386778938032524,True,True,436,0.23959776292168616,5.551115123125783e-17,4.753563837455662e-10,503,501,0.7383792169994194,1.8999999999999995,1.9000000000000001,1.9000000000000001
agd_constant,fine,1.9500000000000002,,,,0.9386778938032524,True,True,432,0.23959776292168614,2.7755575615628914e-17,4.2879674238403396e-10,503,501,0.7445882550000533,1.9499999999999995,1.9500000000000002,1.9500000000000002
agd_constant,fine,2.0500000000000003,,,,0.9386778938032524,True,True,424,0.23959776292168644,3.3306690738754696e-16,1.154728813301466e-09,503,501,0.7343332580003334,2.0500000000000003,2.0500000000000003,2.0500000000000003
agd_constant,fine,2.1,,,,0.9386778938032524,True,True,421,0.2395977629216865,3.885780586188048e-16,1.2721884538612916e-09,503,501,0.7446380600003977,2.1000000000000005,2.1,2.1
agd_constant,fine,2.1500000000000004,,,,0.9386778938032524,True,True,418,0.23959776292168644,3.3306690738754696e-16,1.1874198590147144e-09,503,501,0.7339350900001591,2.1499999999999995,2.1500000000000004,2.1500000000000004
agd_dynamic,coarse,0.05,,,,,True,False,,0.23963903445221127,4.127153052516097e-05,0.0005996106074676147,502,501,0.7272852010000861,0.05,0.05,0.05
agd_dynamic,coarse,0.1,,,,,True,False,,0.23960417781310714,6.414891421030466e-06,0.0002882570750892655,502,501,0.8083126569999877,0.1,0.1,0.1
agd_dynamic,coarse,0.2,,,,,True,False,,0.23959915652045163,1.3935987655255833e-06,0.00011163088206267632,502,501,0.7247390309994444,0.2,0.2,0.2
agd_dynamic,coarse,0.3,,,,,True,False,,0.2395999658584734,2.2029367872933303e-06,0.00011176548019211324,502,501,0.7535819929998979,0.29999999999999993,0.3,0.3
agd_dynamic,coarse,0.4,,,,,True,False,,0.23959854750736143,7.845856753174729e-07,7.44199772143786e-05,502,501,0.7182376719993044,0.4,0.4,0.4
agd_dynamic,coarse,0.5,,,,,True,False,,0.23959825790273606,4.949810499532692e-07,5.567782880411193e-05,502,501,0.6909645339992494,0.5,0.5,0.5
agd_dynamic,coarse,0.6,,,,,True,False,,0.23959809280250774,3.2988082163121213e-07,4.261950530712379e-05,502,501,0.710450800000217,0.5999999999999999,0.6,0.6
agd_dynamic,coarse,0.8,,,,,True,False,,0.23959783545484353,7.253315742472566e-08,2.204631307247697e-05,502,501,0.7915160390002711,0.8,0.8,0.8
agd_dynamic,coarse,1.0,,,,,True,False,,0.23959783038208804,6.746040193128522e-08,1.9453321408452595e-05,502,501,0.867172193999977,1.0,1.0,1.0
agd_dynamic,coarse,1.2,,,,,True,False,,0.23959786578669548,1.0286500937151111e-07,2.1295274513852258e-05,502,501,0.7494384139999966,1.1999999999999997,1.2,1.2
agd_dynamic,coarse,1.4,,,,,True,False,,0.23959777554675704,1.2625070933136584e-08,8.475535395598093e-06,502,501,0.7229487619997599,1.4,1.4,1.4
agd_dynamic,coarse,1.6,,,,,True,False,,0.23959779786613916,3.494445305340932e-08,1.2334502158924014e-05,502,501,0.8261459209998065,1.6,1.6,1.6
agd_dynamic,coarse,1.8,,,,,True,False,,0.23959777397848755,1.1056801446640563e-08,6.8835000411322615e-06,502,501,0.8322329479997279,1.8000000000000005,1.8,1.8
agd_dynamic,coarse,2.0,,,,,True,False,,0.23959777448568356,1.1563997454056008e-08,6.861646127290511e-06,502,501,0.7585493070000666,2.0,2.0,2.0
agd_dynamic,coarse,2.2,,,,,True,False,,0.23959776597243235,3.050746238963953e-09,3.5164129417794598e-06,502,501,0.727835708999919,2.1999999999999997,2.2,2.2
agd_dynamic,coarse,2.4,,,,,True,False,,0.24153532430931918,0.0019375613876330688,0.04142897817832908,502,501,0.8162525470006585,2.3999999999999995,2.4,2.4
agd_dynamic,coarse,2.6,,,,,True,False,,0.24418236473210891,0.004584601810422806,0.055299358860090984,502,501,0.8819467220000661,2.6000000000000005,2.6,2.6
agd_dynamic,coarse,2.8,,,,,True,False,,0.2474196190359318,0.007821856114245684,0.06392476861162377,502,501,0.7733407290006653,2.8,2.8,2.8
agd_dynamic,coarse,3.0,,,,,True,False,,0.24976667437866285,0.010168911456976737,0.07353687323659254,502,501,0.7546967610005595,3.0,3.0,3.0
agd_dynamic,coarse,3.5,,,,,True,False,,0.26229236368128706,0.022694600759600947,0.06861073143022599,502,501,0.7737494560005871,3.5,3.5,3.5
agd_dynamic,coarse,4.0,,,,,True,False,,0.2871548861461094,0.04755712322442329,0.09008603324711212,502,501,0.7766267710003376,4.0,4.0,4.0
agd_dynamic,fine,2.05,,,,,True,False,,0.23959776741135047,4.489664362505863e-09,4.42841626836485e-06,502,501,0.7268425910006044,2.0500000000000003,2.05,2.05
agd_dynamic,fine,2.1,,,,,True,False,,0.2395977636294597,7.077735897365045e-10,2.2492455172383337e-06,502,501,0.737531515000228,2.1000000000000005,2.1,2.1
agd_dynamic,fine,2.15,,,,,True,False,,0.23959776358467857,6.629924664824927e-10,2.018524684230015e-06,502,501,0.7703227279998828,2.1499999999999995,2.15,2.15
agd_dynamic,fine,2.25,,,,,True,False,,0.23998326544370585,0.0003855025220197428,0.02086796759624968,502,501,0.7856970040002125,2.25,2.25,2.25
agd_dynamic,fine,2.3,,,,,True,False,,0.24045968675379964,0.0008619238321135314,0.029927240673771692,502,501,0.7729681410000921,2.3,2.3,2.3
agd_dynamic,fine,2.35,,,,,True,False,,0.24097629671652027,0.001378533794834158,0.036340426632135346,502,501,0.805219066999598,2.3500000000000005,2.35,2.35
