stage,parameters,finite,iterations_run,first_converged_at,final_objective,final_f_gap,final_grad_norm,gradient_evals,objective_evals,backtracking_trials,elapsed_s,mean_step,min_step,max_step,note,candidate_index
coarse,{'step': 0.05},True,500,,0.21227571961167213,1.7467546166410886e-05,0.00044412233002849545,502,501,0,14.490933233999385,0.05,0.05,0.05,,0
coarse,{'step': 0.1},True,500,,0.212262630886186,4.378820680273066e-06,0.00020562130888448655,502,501,0,13.38693026600049,0.1,0.1,0.1,,1
coarse,{'step': 0.5},True,500,,0.22353455790533378,0.011276305839828055,0.16719394114728595,502,501,0,14.119676960000106,0.5,0.5,0.5,,2
coarse,{'step': 1.0},True,500,,0.5656696032950188,0.35341135122951306,0.34487250983670537,502,501,0,13.7936324100001,1.0,1.0,1.0,,3
coarse,{'step': 1.5},True,500,,0.9720080610145341,0.7597498089490283,0.4209257655165919,502,501,0,14.67733793700063,1.5,1.5,1.5,,4
coarse,{'step': 2.0},True,500,,1.069089133973638,0.8568308819081322,0.3903506275181152,502,501,0,14.205024222000247,2.0,2.0,2.0,,5
coarse,{'step': 3.0},True,500,,1.7465638249755786,1.534305572910073,0.31140019321223344,502,501,0,14.350347728000088,3.0,3.0,3.0,,6
coarse,{'step': 5.0},True,500,,2.6925977297227814,2.480339477657276,0.16986769914671426,502,501,0,13.636090850000073,5.0,5.0,5.0,,7
coarse,{'step': 10.0},True,500,,4.10194177891785,3.8896835268523446,0.17951235948483973,502,501,0,13.409461692999685,10.0,10.0,10.0,,8
