step,updates,final_objective,final_gap,final_grad_norm,elapsed_s,finite,monotone_decrease,objective_increases,converged_at
0.05,500,0.22819078606682613,0.015932534001320414,0.02901686873638825,13.77778991499963,True,True,0,
0.1,500,0.2185999204704184,0.0063416684049126815,0.012980150481593114,13.467008861000068,True,True,0,
0.5,500,0.21284189809503312,0.0005836460295274015,0.0019542490815465845,13.533996143999957,True,False,15,
1.0,500,0.3724017044150095,0.1601434523495038,0.6671325399031164,13.213809628000035,True,False,252,
1.5,500,0.562571091785238,0.35031283971973226,0.7435332940155683,13.913716850999663,True,False,258,
2.0,500,0.5926090181425178,0.380350766077012,0.7741732441791558,13.370357802999933,True,False,263,
3.0,500,0.5133658611446097,0.30110760907910394,0.44547347859421854,13.59908312699963,True,False,267,
5.0,500,1.2008284681912293,0.9885702161257236,0.7182026095808358,13.835551576999933,True,False,267,
10.0,500,3.8224035327637633,3.6101452806982577,0.7603109218593062,13.83424453400039,True,False,267,
